{"sent": [[1688927284.3681672, 100.00002996056226], [1688927285.3674285, 158.76527804430685], [1688927286.3677647, 195.10664684989902], [1688927287.367706, 195.10574884143523], [1688927288.3674476, 158.79074081551755], [1688927289.3674588, 100.0144859318037], [1688927290.367631, 41.224456158959555], [1688927291.3674583, 4.898835029905129], [1688927292.3674283, 4.889313106054743], [1688927293.367808, 41.226589233650145]], "received": [[1688927283.6428702, 0.0], [1688927284.6403668, 1419.0], [1688927285.6470757, 2290.0], [1688927286.643021, 2889.0], [1688927287.63466, 2880.0], [1688927288.6429653, 2315.0], [1688927289.6405158, 1419.0], [1688927290.6557555, 517.0], [1688927291.6423786, 0.0], [1688927292.6369464, 0.0], [1688927293.6396663, 539.0]], "ampl": 100, "shift": 100}