{"sent": [[1688915548.2546232, 0], [1688915549.2546406, 0], [1688915550.254671, 0], [1688915551.2546608, 0], [1688915552.2546291, 0], [1688915553.2546191, 0], [1688915554.2545996, 0], [1688915555.254682, 0], [1688915556.254592, 0], [1688915557.2546017, 0]], "received": [[1688915547.805296, 1442.0], [1688915548.8064055, 0.0], [1688915549.8112478, 0.0], [1688915550.8061452, 0.0], [1688915551.804575, 0.0], [1688915552.8159003, 0.0], [1688915553.808477, 0.0], [1688915554.804888, 0.0], [1688915555.8038008, 0.0], [1688915556.8032343, 0.0], [1688915557.8033214, 0.0]], "ampl": 100, "shift": 100}